Email,Business Name,Website,Country,Category,Source,Added At
kontakt@growshop-germany.de,Growshop Germany,https://growshop-germany.de,DE,Growshop,websearch,2025-12-23T12:00:00Z
mail@growshop.de,Growshop.de Hannover,https://growshop.de,DE,Growshop,websearch,2025-12-23T12:00:00Z
info@growmart.de,Growmart Hamburg,https://growmart.de,DE,Growshop,websearch,2025-12-23T12:00:00Z
info@grow-shop24.de,Grow-Shop24 Regensburg,https://grow-shop24.de,DE,Growshop,websearch,2025-12-23T12:00:00Z
info@growtech.eu,Growtech,https://growtech.eu,DE,Growshop,websearch,2025-12-23T12:00:00Z
info@growshopamsterdam.nl,Growshop Amsterdam,https://growshopamsterdam.nl,NL,Growshop,websearch,2025-12-23T12:00:00Z
info@onlinetopgarden.com,Online Top Garden,https://onlinetopgarden.com,NL,Growshop,websearch,2025-12-23T12:00:00Z
info@smartshopplanet.nl,Smartshop Planet,https://smartshopplanet.nl,NL,Smartshop,websearch,2025-12-23T12:00:00Z
support@dermicha-head.shop,Dermicha Headshop,https://dermicha-head.shop,DE,Headshop,websearch,2025-12-23T12:00:00Z
mail@drehandel.de,DRE Handel Großhandel,https://drehandel.de,DE,Groothandel,websearch,2025-12-23T12:00:00Z
info@growin.de,Growin,https://growin.de,DE,Growshop,websearch,2025-12-23T12:00:00Z
b2b@growtent.eu,Growtent B2B,https://growtent.eu,PL,Groothandel,websearch,2025-12-23T12:00:00Z
info@hitecgrow.com,Hitec Grow,https://hitecgrow.com,DE,Groothandel,websearch,2025-12-23T12:00:00Z
info@headshop.shop,Headshop.shop,https://headshop.shop,DE,Headshop,websearch,2025-12-23T12:00:00Z
mail@drehmoment-headshop.de,Drehmoment Headshop,https://drehmoment-headshop.de,DE,Headshop,websearch,2025-12-23T12:00:00Z
info@buyhigh.de,BuyHigh,https://buyhigh.de,DE,Headshop,websearch,2025-12-23T12:00:00Z
info@growmart.eu,Growmart EU Wholesale,https://growmart.eu,DE,Groothandel,websearch,2025-12-23T12:00:00Z
bestellung@balugar.de,Balugar Hamburg,https://balugar.de,DE,Growshop,websearch,2025-12-23T12:00:00Z
info@growlocation.de,Growlocation Paderborn,https://growlocation.de,DE,Growshop,websearch,2025-12-23T12:00:00Z
info@growfrei.de,Growfrei Dortmund,https://growfrei.de,DE,Growshop,websearch,2025-12-23T12:00:00Z
info@fernatrade.com,Ferna Trade GmbH Nettetal,https://fernatrade.com,DE,Groothandel,websearch,2025-12-23T12:00:00Z
info@pflanzbar.org,Pflanzbar GbR Ellerbek,https://pflanzbar.org,DE,Growshop,websearch,2025-12-23T12:00:00Z
sales@headsupplies.nl,Head Supplies BV,https://headsupplies.nl,NL,Groothandel,websearch,2025-12-23T12:00:00Z
info@nextlevelsmart.nl,Next Level Smart Zwolle,https://nextlevelsmart.nl,NL,Groothandel,websearch,2025-12-23T12:00:00Z
info@microfluo.net,MicroFluo Growshop,https://microfluo.net,BE,Growshop,websearch,2025-12-23T12:00:00Z
info@easygrowshop.be,Easy Growshop,https://easygrowshop.be,BE,Growshop,websearch,2025-12-23T12:00:00Z
info@plantandflower.be,Plant and Flower,https://plantandflower.be,BE,Growshop,websearch,2025-12-23T12:00:00Z
info@saucegrowing.be,Sauce Growing,https://saucegrowing.be,BE,Growshop,websearch,2025-12-23T12:00:00Z
info@sirius.nl,Sirius Smartshop,https://sirius.nl,NL,Smartshop,websearch,2025-12-23T12:00:00Z
info@mcsmart.com,McSmart Groothandel,https://mcsmart.com,NL,Groothandel,websearch,2025-12-23T12:00:00Z
info@sjamaanwholesale.nl,De Sjamaan Wholesale BV,https://sjamaanwholesale.nl,NL,Groothandel,websearch,2025-12-23T12:00:00Z
info@globalherbs-wholesale.com,Globalherbs Wholesale,https://globalherbs-wholesale.com,NL,Groothandel,websearch,2025-12-23T12:00:00Z
info@houseofsmart.com,House of Smart,https://houseofsmart.com,NL,Smartshop,websearch,2025-12-23T12:00:00Z
support@headshop.shop,Headshop No.1 Bremen,https://headshop.shop,DE,Headshop,websearch,2025-12-23T12:00:00Z
mail@bloomtech.de,Bloomtech,https://bloomtech.de,DE,Growshop,websearch,2025-12-23T12:00:00Z
mail@grow-depot.de,Grow-Depot,https://grow-depot.de,DE,Growshop,websearch,2025-12-23T12:00:00Z
kontakt@growandstyle.de,GrowAndStyle Overath,https://growandstyle.de,DE,Growshop,websearch,2025-12-23T12:00:00Z
info@grow-pro.net,GrowPro Emmerich,https://grow-pro.net,DE,Growshop,websearch,2025-12-23T12:00:00Z
info@pflanz-zelt.de,Pflanz-Zelt Jüterbog,https://pflanz-zelt.de,DE,Growshop,websearch,2025-12-23T12:00:00Z
info@G4K-Handel.de,GrowNRW-Bayern Ottobeuren,https://grownrw-bayern.de,DE,Growshop,websearch,2025-12-23T12:00:00Z
info@growgreen-shop.de,GrowGreen Pfullingen,https://growgreen-shop.de,DE,Growshop,websearch,2025-12-23T12:00:00Z
info@grow24.shop,Grow24 Bocholt,https://grow24.shop,DE,Growshop,websearch,2025-12-23T12:00:00Z
info@grow4bros.de,Grow4Bros Köln,https://grow4bros.de,DE,Growshop,websearch,2025-12-23T12:00:00Z
info@freakshop.de,Freakshop,https://freakshop.de,DE,Headshop,websearch,2025-12-23T12:00:00Z
info@headshop-white-rabbit.de,White Rabbit Headshop,https://headshop-white-rabbit.de,DE,Headshop,websearch,2025-12-23T12:00:00Z
info@elite-growshop.de,Elite Growshop,https://elite-growshop.de,DE,Growshop,websearch,2025-12-23T12:00:00Z
info@green-phantasies.de,Green Phantasies,https://green-phantasies.de,DE,Growshop,websearch,2025-12-23T12:00:00Z
info@hanfnah.de,Hanfnah,https://hanfnah.de,DE,Growshop,websearch,2025-12-23T12:00:00Z
lumenmax@lumenmax.de,Lumenmax,https://lumenmax.de,DE,Growshop,websearch,2025-12-23T12:00:00Z
info@neardark.de,Near Dark,https://neardark.de,DE,Growshop,websearch,2025-12-23T12:00:00Z
info@mihaonline.de,MIHA GmbH,https://mihaonline.de,DE,Groothandel,websearch,2025-12-23T12:00:00Z
hilfe@gbk-shop.de,GBK Shop,https://gbk-shop.de,DE,Groothandel,websearch,2025-12-23T12:00:00Z
shop@growtent.eu,Growtent Shop,https://growtent.eu,PL,Growshop,websearch,2025-12-23T12:00:00Z
webshop@sirius.nl,Sirius Webshop,https://sirius.nl,NL,Smartshop,websearch,2025-12-23T12:00:00Z
info@flyingdutchmenstore.com,Flying Dutchmen Store Amsterdam,https://flyingdutchmenstore.com,NL,Smartshop,websearch,2025-12-23T12:00:00Z
info@drsmart.nl,Dr. Smart Rotterdam,https://drsmart.nl,NL,Smartshop,websearch,2025-12-23T12:00:00Z
info@happy-nature.de,Happy Nature Hydrokultur,https://happy-nature.de,DE,Hydrokultur,websearch,2025-12-23T12:00:00Z
info@kif-kif.de,Kif-Kif Leipzig,https://kif-kif.de,DE,Growshop,websearch,2025-12-23T12:00:00Z
info@rauchbombe-stuttgart.de,Rauchbombe Stuttgart,https://rauchbombe-stuttgart.de,DE,Headshop,websearch,2025-12-23T12:00:00Z
info@plantarium.nu,Plantarium,https://plantarium.nu,NL,Growshop,websearch,2025-12-23T12:00:00Z
info@growfellas.com,GrowFellas Utrecht,https://growfellas.com,NL,Growshop,websearch,2025-12-23T12:00:00Z
kontakt@cscsdeutschland.de,Cannabis Social Clubs Deutschland,https://cscsdeutschland.de,DE,CSC,websearch,2025-12-23T12:00:00Z
info@csc-ve.de,CSC Cannabis Social Club Veerßen,https://csc-ve.de,DE,CSC,websearch,2025-12-23T12:00:00Z
info@cannabis-clubs.de,Cannabis-Clubs.de,https://cannabis-clubs.de,DE,CSC,websearch,2025-12-23T12:00:00Z
b2b@kraeuterland.org,Kraeuterland CBD Großhandel,https://b2b.hanftasia-cbd.eu,DE,CBD Groothandel,websearch,2025-12-23T12:00:00Z
b2b@kleineknospe.de,Kleine Knospe CBD,https://b2b.kleineknospe.de,DE,CBD Groothandel,websearch,2025-12-23T12:00:00Z
wholesale@magu-cbd.com,MAGU CBD Großhandel,https://magu-cbd.com,AT,CBD Groothandel,websearch,2025-12-23T12:00:00Z
info@b2b-headshop.de,B2B Headshop Weyhe,https://b2b-headshop.de,DE,Groothandel,websearch,2025-12-23T12:00:00Z
info@veilingvaassen.nl,Veiling Vaassen,https://veilingvaassen.nl,NL,Kwekerij,websearch,2025-12-23T12:00:00Z
info@menkehorst.nl,Menkehorst Kwekerijen,https://menkehorst.nl,NL,Kwekerij,websearch,2025-12-23T12:00:00Z
info@plantura.be,Plantura Groothandel,https://plantura.be,BE,Kwekerij,websearch,2025-12-23T12:00:00Z
info@plantion.nl,Plantion Groothandel,https://plantion.nl,NL,Kwekerij,websearch,2025-12-23T12:00:00Z
info@olaf-nijenkamp.nl,Olaf Nijenkamp Tuinplanten,https://olaf-nijenkamp.nl,NL,Kwekerij,websearch,2025-12-23T12:00:00Z
blumen.brechneser@t-online.de,Brechneser Blumen,https://brechneser.de,DE,Gärtnerei,websearch,2025-12-23T12:00:00Z
info@inntal-gaertnerei.de,Inntal Gärtnerei,https://inntal-gaertnerei.de,DE,Gärtnerei,websearch,2025-12-23T12:00:00Z
info@gaertnerei-loesslin.de,Gärtnerei Lösslin,https://gaertnerei-loesslin.de,DE,Gärtnerei,websearch,2025-12-23T12:00:00Z
service@medicgrow.com,Medic Grow LED,https://medicgrow.com,US,LED Groothandel,websearch,2025-12-23T12:00:00Z
anne@niemann-gemuesepflanzen.de,Gärtnerei Anne Niemann,https://niemann-gemuesepflanzen.de,DE,Jungpflanzen,websearch,2025-12-23T12:00:00Z
info@eich-jungpflanzen.de,Eich Jungpflanzen,https://eich-jungpflanzen.de,DE,Jungpflanzen,websearch,2025-12-23T12:00:00Z
info@cramer-jungpflanzen.de,Cramer Jungpflanzen,https://cramer-jungpflanzen.de,DE,Jungpflanzen,websearch,2025-12-23T12:00:00Z
info@kientzler.eu,Kientzler Jungpflanzen,https://kientzler.eu,DE,Jungpflanzen,websearch,2025-12-23T12:00:00Z
info@youngplants.de,Fachgruppe Jungpflanzen,https://youngplants.de,DE,Jungpflanzen,websearch,2025-12-23T12:00:00Z
wholesale@sirius.nl,Sirius Wholesale,https://sirius.nl/wholesale,NL,Groothandel,websearch,2025-12-23T12:00:00Z
info@dutchhigh.com,Dutch High Distributor,https://dutchhigh.com,NL,Groothandel,websearch,2025-12-23T12:00:00Z
info@dutch-headshop.eu,Dutch Headshop,https://dutch-headshop.eu,NL,Headshop,websearch,2025-12-23T12:00:00Z
